region,fips
Alaska,2013
Alaska,2016
Alaska,2020
Alaska,2050
Alaska,2060
Alaska,2068
Alaska,2070
Alaska,2090
Alaska,2100
Alaska,2105
Alaska,2110
Alaska,2122
Alaska,2130
Alaska,2150
Alaska,2158
Alaska,2164
Alaska,2170
Alaska,2180
Alaska,2185
Alaska,2188
Alaska,2195
Alaska,2198
Alaska,2220
Alaska,2230
Alaska,2240
Alaska,2275
Alaska,2282
Alaska,2290
Alaska Total,
Great Plains,19001
Great Plains,19003
Great Plains,19005
Great Plains,19007
Great Plains,19009
Great Plains,19011
Great Plains,19013
Great Plains,19015
Great Plains,19017
Great Plains,19019
Great Plains,19021
Great Plains,19023
Great Plains,19025
Great Plains,19027
Great Plains,19029
Great Plains,19031
Great Plains,19033
Great Plains,19035
Great Plains,19037
Great Plains,19039
Great Plains,19041
Great Plains,19043
Great Plains,19045
Great Plains,19047
Great Plains,19049
Great Plains,19051
Great Plains,19053
Great Plains,19055
Great Plains,19057
Great Plains,19059
Great Plains,19061
Great Plains,19063
Great Plains,19065
Great Plains,19067
Great Plains,19069
Great Plains,19071
Great Plains,19073
Great Plains,19075
Great Plains,19077
Great Plains,19079
Great Plains,19081
Great Plains,19083
Great Plains,19085
Great Plains,19087
Great Plains,19089
Great Plains,19091
Great Plains,19093
Great Plains,19095
Great Plains,19097
Great Plains,19099
Great Plains,19101
Great Plains,19103
Great Plains,19105
Great Plains,19107
Great Plains,19109
Great Plains,19111
Great Plains,19113
Great Plains,19115
Great Plains,19117
Great Plains,19119
Great Plains,19121
Great Plains,19123
Great Plains,19125
Great Plains,19127
Great Plains,19129
Great Plains,19131
Great Plains,19133
Great Plains,19135
Great Plains,19137
Great Plains,19139
Great Plains,19141
Great Plains,19143
Great Plains,19145
Great Plains,19147
Great Plains,19149
Great Plains,19151
Great Plains,19153
Great Plains,19155
Great Plains,19157
Great Plains,19159
Great Plains,19161
Great Plains,19163
Great Plains,19165
Great Plains,19167
Great Plains,19169
Great Plains,19171
Great Plains,19173
Great Plains,19175
Great Plains,19177
Great Plains,19179
Great Plains,19181
Great Plains,19183
Great Plains,19185
Great Plains,19187
Great Plains,19189
Great Plains,19191
Great Plains,19193
Great Plains,19195
Great Plains,19197
Great Plains,20001
Great Plains,20003
Great Plains,20005
Great Plains,20007
Great Plains,20009
Great Plains,20011
Great Plains,20013
Great Plains,20015
Great Plains,20017
Great Plains,20019
Great Plains,20021
Great Plains,20023
Great Plains,20025
Great Plains,20027
Great Plains,20029
Great Plains,20031
Great Plains,20033
Great Plains,20035
Great Plains,20037
Great Plains,20039
Great Plains,20041
Great Plains,20043
Great Plains,20045
Great Plains,20047
Great Plains,20049
Great Plains,20051
Great Plains,20053
Great Plains,20055
Great Plains,20057
Great Plains,20059
Great Plains,20061
Great Plains,20063
Great Plains,20065
Great Plains,20067
Great Plains,20069
Great Plains,20071
Great Plains,20073
Great Plains,20075
Great Plains,20077
Great Plains,20079
Great Plains,20081
Great Plains,20083
Great Plains,20085
Great Plains,20087
Great Plains,20089
Great Plains,20091
Great Plains,20093
Great Plains,20095
Great Plains,20097
Great Plains,20099
Great Plains,20101
Great Plains,20103
Great Plains,20105
Great Plains,20107
Great Plains,20109
Great Plains,20111
Great Plains,20113
Great Plains,20115
Great Plains,20117
Great Plains,20119
Great Plains,20121
Great Plains,20123
Great Plains,20125
Great Plains,20127
Great Plains,20129
Great Plains,20131
Great Plains,20133
Great Plains,20135
Great Plains,20137
Great Plains,20139
Great Plains,20141
Great Plains,20143
Great Plains,20145
Great Plains,20147
Great Plains,20149
Great Plains,20151
Great Plains,20153
Great Plains,20155
Great Plains,20157
Great Plains,20159
Great Plains,20161
Great Plains,20163
Great Plains,20165
Great Plains,20167
Great Plains,20169
Great Plains,20171
Great Plains,20173
Great Plains,20175
Great Plains,20177
Great Plains,20179
Great Plains,20181
Great Plains,20183
Great Plains,20185
Great Plains,20187
Great Plains,20189
Great Plains,20191
Great Plains,20193
Great Plains,20195
Great Plains,20197
Great Plains,20199
Great Plains,20201
Great Plains,20203
Great Plains,20205
Great Plains,20207
Great Plains,20209
Great Plains,29001
Great Plains,29003
Great Plains,29005
Great Plains,29007
Great Plains,29009
Great Plains,29011
Great Plains,29013
Great Plains,29015
Great Plains,29017
Great Plains,29019
Great Plains,29021
Great Plains,29023
Great Plains,29025
Great Plains,29027
Great Plains,29029
Great Plains,29031
Great Plains,29033
Great Plains,29035
Great Plains,29037
Great Plains,29039
Great Plains,29041
Great Plains,29043
Great Plains,29045
Great Plains,29047
Great Plains,29049
Great Plains,29051
Great Plains,29053
Great Plains,29055
Great Plains,29057
Great Plains,29059
Great Plains,29061
Great Plains,29063
Great Plains,29065
Great Plains,29067
Great Plains,29069
Great Plains,29071
Great Plains,29073
Great Plains,29075
Great Plains,29077
Great Plains,29079
Great Plains,29081
Great Plains,29083
Great Plains,29085
Great Plains,29087
Great Plains,29089
Great Plains,29091
Great Plains,29093
Great Plains,29095
Great Plains,29097
Great Plains,29099
Great Plains,29101
Great Plains,29103
Great Plains,29105
Great Plains,29107
Great Plains,29109
Great Plains,29111
Great Plains,29113
Great Plains,29115
Great Plains,29117
Great Plains,29119
Great Plains,29121
Great Plains,29123
Great Plains,29125
Great Plains,29127
Great Plains,29129
Great Plains,29131
Great Plains,29133
Great Plains,29135
Great Plains,29137
Great Plains,29139
Great Plains,29141
Great Plains,29143
Great Plains,29145
Great Plains,29147
Great Plains,29149
Great Plains,29151
Great Plains,29153
Great Plains,29155
Great Plains,29157
Great Plains,29159
Great Plains,29161
Great Plains,29163
Great Plains,29165
Great Plains,29167
Great Plains,29169
Great Plains,29171
Great Plains,29173
Great Plains,29175
Great Plains,29177
Great Plains,29179
Great Plains,29181
Great Plains,29183
Great Plains,29185
Great Plains,29186
Great Plains,29187
Great Plains,29189
Great Plains,29195
Great Plains,29197
Great Plains,29199
Great Plains,29201
Great Plains,29203
Great Plains,29205
Great Plains,29207
Great Plains,29209
Great Plains,29211
Great Plains,29213
Great Plains,29215
Great Plains,29217
Great Plains,29219
Great Plains,29221
Great Plains,29223
Great Plains,29225
Great Plains,29227
Great Plains,29229
Great Plains,29510
Great Plains,31001
Great Plains,31003
Great Plains,31005
Great Plains,31007
Great Plains,31009
Great Plains,31011
Great Plains,31013
Great Plains,31015
Great Plains,31017
Great Plains,31019
Great Plains,31021
Great Plains,31023
Great Plains,31025
Great Plains,31027
Great Plains,31029
Great Plains,31031
Great Plains,31033
Great Plains,31035
Great Plains,31037
Great Plains,31039
Great Plains,31041
Great Plains,31043
Great Plains,31045
Great Plains,31047
Great Plains,31049
Great Plains,31051
Great Plains,31053
Great Plains,31055
Great Plains,31057
Great Plains,31059
Great Plains,31061
Great Plains,31063
Great Plains,31065
Great Plains,31067
Great Plains,31069
Great Plains,31071
Great Plains,31073
Great Plains,31075
Great Plains,31077
Great Plains,31079
Great Plains,31081
Great Plains,31083
Great Plains,31085
Great Plains,31087
Great Plains,31089
Great Plains,31091
Great Plains,31093
Great Plains,31095
Great Plains,31097
Great Plains,31099
Great Plains,31101
Great Plains,31103
Great Plains,31105
Great Plains,31107
Great Plains,31109
Great Plains,31111
Great Plains,31113
Great Plains,31115
Great Plains,31117
Great Plains,31119
Great Plains,31121
Great Plains,31123
Great Plains,31125
Great Plains,31127
Great Plains,31129
Great Plains,31131
Great Plains,31133
Great Plains,31135
Great Plains,31137
Great Plains,31139
Great Plains,31141
Great Plains,31143
Great Plains,31145
Great Plains,31147
Great Plains,31149
Great Plains,31151
Great Plains,31153
Great Plains,31155
Great Plains,31157
Great Plains,31159
Great Plains,31161
Great Plains,31163
Great Plains,31165
Great Plains,31167
Great Plains,31169
Great Plains,31171
Great Plains,31173
Great Plains,31175
Great Plains,31177
Great Plains,31179
Great Plains,31181
Great Plains,31183
Great Plains,31185
Great Plains,40001
Great Plains,40003
Great Plains,40005
Great Plains,40007
Great Plains,40009
Great Plains,40011
Great Plains,40013
Great Plains,40015
Great Plains,40017
Great Plains,40019
Great Plains,40021
Great Plains,40023
Great Plains,40025
Great Plains,40027
Great Plains,40029
Great Plains,40031
Great Plains,40033
Great Plains,40035
Great Plains,40037
Great Plains,40039
Great Plains,40041
Great Plains,40043
Great Plains,40045
Great Plains,40047
Great Plains,40049
Great Plains,40051
Great Plains,40053
Great Plains,40055
Great Plains,40057
Great Plains,40059
Great Plains,40061
Great Plains,40063
Great Plains,40065
Great Plains,40067
Great Plains,40069
Great Plains,40071
Great Plains,40073
Great Plains,40075
Great Plains,40077
Great Plains,40079
Great Plains,40081
Great Plains,40083
Great Plains,40085
Great Plains,40087
Great Plains,40089
Great Plains,40091
Great Plains,40093
Great Plains,40095
Great Plains,40097
Great Plains,40099
Great Plains,40101
Great Plains,40103
Great Plains,40105
Great Plains,40107
Great Plains,40109
Great Plains,40111
Great Plains,40113
Great Plains,40115
Great Plains,40117
Great Plains,40119
Great Plains,40121
Great Plains,40123
Great Plains,40125
Great Plains,40127
Great Plains,40129
Great Plains,40131
Great Plains,40133
Great Plains,40135
Great Plains,40137
Great Plains,40139
Great Plains,40141
Great Plains,40143
Great Plains,40145
Great Plains,40147
Great Plains,40149
Great Plains,40151
Great Plains,40153
Great Plains Total,
Hawaii,15001
Hawaii,15003
Hawaii,15005
Hawaii,15007
Hawaii,15009
Hawaii Total,
Intermountain West,8001
Intermountain West,8003
Intermountain West,8005
Intermountain West,8007
Intermountain West,8009
Intermountain West,8011
Intermountain West,8013
Intermountain West,8014
Intermountain West,8015
Intermountain West,8017
Intermountain West,8019
Intermountain West,8021
Intermountain West,8023
Intermountain West,8025
Intermountain West,8027
Intermountain West,8029
Intermountain West,8031
Intermountain West,8033
Intermountain West,8035
Intermountain West,8037
Intermountain West,8039
Intermountain West,8041
Intermountain West,8043
Intermountain West,8045
Intermountain West,8047
Intermountain West,8049
Intermountain West,8051
Intermountain West,8053
Intermountain West,8055
Intermountain West,8057
Intermountain West,8059
Intermountain West,8061
Intermountain West,8063
Intermountain West,8065
Intermountain West,8067
Intermountain West,8069
Intermountain West,8071
Intermountain West,8073
Intermountain West,8075
Intermountain West,8077
Intermountain West,8079
Intermountain West,8081
Intermountain West,8083
Intermountain West,8085
Intermountain West,8087
Intermountain West,8089
Intermountain West,8091
Intermountain West,8093
Intermountain West,8095
Intermountain West,8097
Intermountain West,8099
Intermountain West,8101
Intermountain West,8103
Intermountain West,8105
Intermountain West,8107
Intermountain West,8109
Intermountain West,8111
Intermountain West,8113
Intermountain West,8115
Intermountain West,8117
Intermountain West,8119
Intermountain West,8121
Intermountain West,8123
Intermountain West,8125
Intermountain West,16001
Intermountain West,16003
Intermountain West,16005
Intermountain West,16007
Intermountain West,16009
Intermountain West,16011
Intermountain West,16013
Intermountain West,16015
Intermountain West,16017
Intermountain West,16019
Intermountain West,16021
Intermountain West,16023
Intermountain West,16025
Intermountain West,16027
Intermountain West,16029
Intermountain West,16031
Intermountain West,16033
Intermountain West,16035
Intermountain West,16037
Intermountain West,16039
Intermountain West,16041
Intermountain West,16043
Intermountain West,16045
Intermountain West,16047
Intermountain West,16049
Intermountain West,16051
Intermountain West,16053
Intermountain West,16055
Intermountain West,16057
Intermountain West,16059
Intermountain West,16061
Intermountain West,16063
Intermountain West,16065
Intermountain West,16067
Intermountain West,16069
Intermountain West,16071
Intermountain West,16073
Intermountain West,16075
Intermountain West,16077
Intermountain West,16079
Intermountain West,16081
Intermountain West,16083
Intermountain West,16085
Intermountain West,16087
Intermountain West,30001
Intermountain West,30003
Intermountain West,30005
Intermountain West,30007
Intermountain West,30009
Intermountain West,30011
Intermountain West,30013
Intermountain West,30015
Intermountain West,30017
Intermountain West,30019
Intermountain West,30021
Intermountain West,30023
Intermountain West,30025
Intermountain West,30027
Intermountain West,30029
Intermountain West,30031
Intermountain West,30033
Intermountain West,30035
Intermountain West,30037
Intermountain West,30039
Intermountain West,30041
Intermountain West,30043
Intermountain West,30045
Intermountain West,30047
Intermountain West,30049
Intermountain West,30051
Intermountain West,30053
Intermountain West,30055
Intermountain West,30057
Intermountain West,30059
Intermountain West,30061
Intermountain West,30063
Intermountain West,30065
Intermountain West,30067
Intermountain West,30069
Intermountain West,30071
Intermountain West,30073
Intermountain West,30075
Intermountain West,30077
Intermountain West,30079
Intermountain West,30081
Intermountain West,30083
Intermountain West,30085
Intermountain West,30087
Intermountain West,30089
Intermountain West,30091
Intermountain West,30093
Intermountain West,30095
Intermountain West,30097
Intermountain West,30099
Intermountain West,30101
Intermountain West,30103
Intermountain West,30105
Intermountain West,30107
Intermountain West,30109
Intermountain West,30111
Intermountain West,49001
Intermountain West,49003
Intermountain West,49005
Intermountain West,49007
Intermountain West,49009
Intermountain West,49011
Intermountain West,49013
Intermountain West,49015
Intermountain West,49017
Intermountain West,49019
Intermountain West,49021
Intermountain West,49023
Intermountain West,49025
Intermountain West,49027
Intermountain West,49029
Intermountain West,49031
Intermountain West,49033
Intermountain West,49035
Intermountain West,49037
Intermountain West,49039
Intermountain West,49041
Intermountain West,49043
Intermountain West,49045
Intermountain West,49047
Intermountain West,49049
Intermountain West,49051
Intermountain West,49053
Intermountain West,49055
Intermountain West,49057
Intermountain West,56001
Intermountain West,56003
Intermountain West,56005
Intermountain West,56007
Intermountain West,56009
Intermountain West,56011
Intermountain West,56013
Intermountain West,56015
Intermountain West,56017
Intermountain West,56019
Intermountain West,56021
Intermountain West,56023
Intermountain West,56025
Intermountain West,56027
Intermountain West,56029
Intermountain West,56031
Intermountain West,56033
Intermountain West,56035
Intermountain West,56037
Intermountain West,56039
Intermountain West,56041
Intermountain West,56043
Intermountain West,56045
Intermountain West Total,
None,0
None Total,
Northeast,9001
Northeast,9003
Northeast,9005
Northeast,9007
Northeast,9009
Northeast,9011
Northeast,9013
Northeast,9015
Northeast,10001
Northeast,10003
Northeast,10005
Northeast,11001
Northeast,23001
Northeast,23003
Northeast,23005
Northeast,23007
Northeast,23009
Northeast,23011
Northeast,23013
Northeast,23015
Northeast,23017
Northeast,23019
Northeast,23021
Northeast,23023
Northeast,23025
Northeast,23027
Northeast,23029
Northeast,23031
Northeast,24001
Northeast,24003
Northeast,24005
Northeast,24009
Northeast,24011
Northeast,24013
Northeast,24015
Northeast,24017
Northeast,24019
Northeast,24021
Northeast,24023
Northeast,24025
Northeast,24027
Northeast,24029
Northeast,24031
Northeast,24033
Northeast,24035
Northeast,24037
Northeast,24039
Northeast,24041
Northeast,24043
Northeast,24045
Northeast,24047
Northeast,24510
Northeast,25001
Northeast,25003
Northeast,25005
Northeast,25007
Northeast,25009
Northeast,25011
Northeast,25013
Northeast,25015
Northeast,25017
Northeast,25019
Northeast,25021
Northeast,25023
Northeast,25025
Northeast,25027
Northeast,33001
Northeast,33003
Northeast,33005
Northeast,33007
Northeast,33009
Northeast,33011
Northeast,33013
Northeast,33015
Northeast,33017
Northeast,33019
Northeast,34001
Northeast,34003
Northeast,34005
Northeast,34007
Northeast,34009
Northeast,34011
Northeast,34013
Northeast,34015
Northeast,34017
Northeast,34019
Northeast,34021
Northeast,34023
Northeast,34025
Northeast,34027
Northeast,34029
Northeast,34031
Northeast,34033
Northeast,34035
Northeast,34037
Northeast,34039
Northeast,34041
Northeast,36001
Northeast,36003
Northeast,36005
Northeast,36007
Northeast,36009
Northeast,36011
Northeast,36013
Northeast,36015
Northeast,36017
Northeast,36019
Northeast,36021
Northeast,36023
Northeast,36025
Northeast,36027
Northeast,36029
Northeast,36031
Northeast,36033
Northeast,36035
Northeast,36037
Northeast,36039
Northeast,36041
Northeast,36043
Northeast,36045
Northeast,36047
Northeast,36049
Northeast,36051
Northeast,36053
Northeast,36055
Northeast,36057
Northeast,36059
Northeast,36061
Northeast,36063
Northeast,36065
Northeast,36067
Northeast,36069
Northeast,36071
Northeast,36073
Northeast,36075
Northeast,36077
Northeast,36079
Northeast,36081
Northeast,36083
Northeast,36085
Northeast,36087
Northeast,36089
Northeast,36091
Northeast,36093
Northeast,36095
Northeast,36097
Northeast,36099
Northeast,36101
Northeast,36103
Northeast,36105
Northeast,36107
Northeast,36109
Northeast,36111
Northeast,36113
Northeast,36115
Northeast,36117
Northeast,36119
Northeast,36121
Northeast,36123
Northeast,42001
Northeast,42003
Northeast,42005
Northeast,42007
Northeast,42009
Northeast,42011
Northeast,42013
Northeast,42015
Northeast,42017
Northeast,42019
Northeast,42021
Northeast,42023
Northeast,42025
Northeast,42027
Northeast,42029
Northeast,42031
Northeast,42033
Northeast,42035
Northeast,42037
Northeast,42039
Northeast,42041
Northeast,42043
Northeast,42045
Northeast,42047
Northeast,42049
Northeast,42051
Northeast,42053
Northeast,42055
Northeast,42057
Northeast,42059
Northeast,42061
Northeast,42063
Northeast,42065
Northeast,42067
Northeast,42069
Northeast,42071
Northeast,42073
Northeast,42075
Northeast,42077
Northeast,42079
Northeast,42081
Northeast,42083
Northeast,42085
Northeast,42087
Northeast,42089
Northeast,42091
Northeast,42093
Northeast,42095
Northeast,42097
Northeast,42099
Northeast,42101
Northeast,42103
Northeast,42105
Northeast,42107
Northeast,42109
Northeast,42111
Northeast,42113
Northeast,42115
Northeast,42117
Northeast,42119
Northeast,42121
Northeast,42123
Northeast,42125
Northeast,42127
Northeast,42129
Northeast,42131
Northeast,42133
Northeast,44001
Northeast,44003
Northeast,44005
Northeast,44007
Northeast,44009
Northeast,50001
Northeast,50003
Northeast,50005
Northeast,50007
Northeast,50009
Northeast,50011
Northeast,50013
Northeast,50015
Northeast,50017
Northeast,50019
Northeast,50021
Northeast,50023
Northeast,50025
Northeast,50027
Northeast Total,
Pacific West,6001
Pacific West,6003
Pacific West,6005
Pacific West,6007
Pacific West,6009
Pacific West,6011
Pacific West,6013
Pacific West,6015
Pacific West,6017
Pacific West,6019
Pacific West,6021
Pacific West,6023
Pacific West,6025
Pacific West,6027
Pacific West,6029
Pacific West,6031
Pacific West,6033
Pacific West,6035
Pacific West,6037
Pacific West,6039
Pacific West,6041
Pacific West,6043
Pacific West,6045
Pacific West,6047
Pacific West,6049
Pacific West,6051
Pacific West,6053
Pacific West,6055
Pacific West,6057
Pacific West,6059
Pacific West,6061
Pacific West,6063
Pacific West,6065
Pacific West,6067
Pacific West,6069
Pacific West,6071
Pacific West,6073
Pacific West,6075
Pacific West,6077
Pacific West,6079
Pacific West,6081
Pacific West,6083
Pacific West,6085
Pacific West,6087
Pacific West,6089
Pacific West,6091
Pacific West,6093
Pacific West,6095
Pacific West,6097
Pacific West,6099
Pacific West,6101
Pacific West,6103
Pacific West,6105
Pacific West,6107
Pacific West,6109
Pacific West,6111
Pacific West,6113
Pacific West,6115
Pacific West,41001
Pacific West,41003
Pacific West,41005
Pacific West,41007
Pacific West,41009
Pacific West,41011
Pacific West,41013
Pacific West,41015
Pacific West,41017
Pacific West,41019
Pacific West,41021
Pacific West,41023
Pacific West,41025
Pacific West,41027
Pacific West,41029
Pacific West,41031
Pacific West,41033
Pacific West,41035
Pacific West,41037
Pacific West,41039
Pacific West,41041
Pacific West,41043
Pacific West,41045
Pacific West,41047
Pacific West,41049
Pacific West,41051
Pacific West,41053
Pacific West,41055
Pacific West,41057
Pacific West,41059
Pacific West,41061
Pacific West,41063
Pacific West,41065
Pacific West,41067
Pacific West,41069
Pacific West,41071
Pacific West,53001
Pacific West,53003
Pacific West,53005
Pacific West,53007
Pacific West,53009
Pacific West,53011
Pacific West,53013
Pacific West,53015
Pacific West,53017
Pacific West,53019
Pacific West,53021
Pacific West,53023
Pacific West,53025
Pacific West,53027
Pacific West,53029
Pacific West,53031
Pacific West,53033
Pacific West,53035
Pacific West,53037
Pacific West,53039
Pacific West,53041
Pacific West,53043
Pacific West,53045
Pacific West,53047
Pacific West,53049
Pacific West,53051
Pacific West,53053
Pacific West,53055
Pacific West,53057
Pacific West,53059
Pacific West,53061
Pacific West,53063
Pacific West,53065
Pacific West,53067
Pacific West,53069
Pacific West,53071
Pacific West,53073
Pacific West,53075
Pacific West,53077
Pacific West Total,
Southeast,1001
Southeast,1003
Southeast,1005
Southeast,1007
Southeast,1009
Southeast,1011
Southeast,1013
Southeast,1015
Southeast,1017
Southeast,1019
Southeast,1021
Southeast,1023
Southeast,1025
Southeast,1027
Southeast,1029
Southeast,1031
Southeast,1033
Southeast,1035
Southeast,1037
Southeast,1039
Southeast,1041
Southeast,1043
Southeast,1045
Southeast,1047
Southeast,1049
Southeast,1051
Southeast,1053
Southeast,1055
Southeast,1057
Southeast,1059
Southeast,1061
Southeast,1063
Southeast,1065
Southeast,1067
Southeast,1069
Southeast,1071
Southeast,1073
Southeast,1075
Southeast,1077
Southeast,1079
Southeast,1081
Southeast,1083
Southeast,1085
Southeast,1087
Southeast,1089
Southeast,1091
Southeast,1093
Southeast,1095
Southeast,1097
Southeast,1099
Southeast,1101
Southeast,1103
Southeast,1105
Southeast,1107
Southeast,1109
Southeast,1111
Southeast,1113
Southeast,1115
Southeast,1117
Southeast,1119
Southeast,1121
Southeast,1123
Southeast,1125
Southeast,1127
Southeast,1129
Southeast,1131
Southeast,1133
Southeast,5001
Southeast,5003
Southeast,5005
Southeast,5007
Southeast,5009
Southeast,5011
Southeast,5013
Southeast,5015
Southeast,5017
Southeast,5019
Southeast,5021
Southeast,5023
Southeast,5025
Southeast,5027
Southeast,5029
Southeast,5031
Southeast,5033
Southeast,5035
Southeast,5037
Southeast,5039
Southeast,5041
Southeast,5043
Southeast,5045
Southeast,5047
Southeast,5049
Southeast,5051
Southeast,5053
Southeast,5055
Southeast,5057
Southeast,5059
Southeast,5061
Southeast,5063
Southeast,5065
Southeast,5067
Southeast,5069
Southeast,5071
Southeast,5073
Southeast,5075
Southeast,5077
Southeast,5079
Southeast,5081
Southeast,5083
Southeast,5085
Southeast,5087
Southeast,5089
Southeast,5091
Southeast,5093
Southeast,5095
Southeast,5097
Southeast,5099
Southeast,5101
Southeast,5103
Southeast,5105
Southeast,5107
Southeast,5109
Southeast,5111
Southeast,5113
Southeast,5115
Southeast,5117
Southeast,5119
Southeast,5121
Southeast,5123
Southeast,5125
Southeast,5127
Southeast,5129
Southeast,5131
Southeast,5133
Southeast,5135
Southeast,5137
Southeast,5139
Southeast,5141
Southeast,5143
Southeast,5145
Southeast,5147
Southeast,5149
Southeast,12001
Southeast,12003
Southeast,12005
Southeast,12007
Southeast,12009
Southeast,12011
Southeast,12013
Southeast,12015
Southeast,12017
Southeast,12019
Southeast,12021
Southeast,12023
Southeast,12027
Southeast,12029
Southeast,12031
Southeast,12033
Southeast,12035
Southeast,12037
Southeast,12039
Southeast,12041
Southeast,12043
Southeast,12045
Southeast,12047
Southeast,12049
Southeast,12051
Southeast,12053
Southeast,12055
Southeast,12057
Southeast,12059
Southeast,12061
Southeast,12063
Southeast,12065
Southeast,12067
Southeast,12069
Southeast,12071
Southeast,12073
Southeast,12075
Southeast,12077
Southeast,12079
Southeast,12081
Southeast,12083
Southeast,12085
Southeast,12086
Southeast,12087
Southeast,12089
Southeast,12091
Southeast,12093
Southeast,12095
Southeast,12097
Southeast,12099
Southeast,12101
Southeast,12103
Southeast,12105
Southeast,12107
Southeast,12109
Southeast,12111
Southeast,12113
Southeast,12115
Southeast,12117
Southeast,12119
Southeast,12121
Southeast,12123
Southeast,12125
Southeast,12127
Southeast,12129
Southeast,12131
Southeast,12133
Southeast,13001
Southeast,13003
Southeast,13005
Southeast,13007
Southeast,13009
Southeast,13011
Southeast,13013
Southeast,13015
Southeast,13017
Southeast,13019
Southeast,13021
Southeast,13023
Southeast,13025
Southeast,13027
Southeast,13029
Southeast,13031
Southeast,13033
Southeast,13035
Southeast,13037
Southeast,13039
Southeast,13043
Southeast,13045
Southeast,13047
Southeast,13049
Southeast,13051
Southeast,13053
Southeast,13055
Southeast,13057
Southeast,13059
Southeast,13061
Southeast,13063
Southeast,13065
Southeast,13067
Southeast,13069
Southeast,13071
Southeast,13073
Southeast,13075
Southeast,13077
Southeast,13079
Southeast,13081
Southeast,13083
Southeast,13085
Southeast,13087
Southeast,13089
Southeast,13091
Southeast,13093
Southeast,13095
Southeast,13097
Southeast,13099
Southeast,13101
Southeast,13103
Southeast,13105
Southeast,13107
Southeast,13109
Southeast,13111
Southeast,13113
Southeast,13115
Southeast,13117
Southeast,13119
Southeast,13121
Southeast,13123
Southeast,13125
Southeast,13127
Southeast,13129
Southeast,13131
Southeast,13133
Southeast,13135
Southeast,13137
Southeast,13139
Southeast,13141
Southeast,13143
Southeast,13145
Southeast,13147
Southeast,13149
Southeast,13151
Southeast,13153
Southeast,13155
Southeast,13157
Southeast,13159
Southeast,13161
Southeast,13163
Southeast,13165
Southeast,13167
Southeast,13169
Southeast,13171
Southeast,13173
Southeast,13175
Southeast,13177
Southeast,13179
Southeast,13181
Southeast,13183
Southeast,13185
Southeast,13187
Southeast,13189
Southeast,13191
Southeast,13193
Southeast,13195
Southeast,13197
Southeast,13199
Southeast,13201
Southeast,13205
Southeast,13207
Southeast,13209
Southeast,13211
Southeast,13213
Southeast,13215
Southeast,13217
Southeast,13219
Southeast,13221
Southeast,13223
Southeast,13225
Southeast,13227
Southeast,13229
Southeast,13231
Southeast,13233
Southeast,13235
Southeast,13237
Southeast,13239
Southeast,13241
Southeast,13243
Southeast,13245
Southeast,13247
Southeast,13249
Southeast,13251
Southeast,13253
Southeast,13255
Southeast,13257
Southeast,13259
Southeast,13261
Southeast,13263
Southeast,13265
Southeast,13267
Southeast,13269
Southeast,13271
Southeast,13273
Southeast,13275
Southeast,13277
Southeast,13279
Southeast,13281
Southeast,13283
Southeast,13285
Southeast,13287
Southeast,13289
Southeast,13291
Southeast,13293
Southeast,13295
Southeast,13297
Southeast,13299
Southeast,13301
Southeast,13303
Southeast,13305
Southeast,13307
Southeast,13309
Southeast,13311
Southeast,13313
Southeast,13315
Southeast,13317
Southeast,13319
Southeast,13321
Southeast,21001
Southeast,21003
Southeast,21005
Southeast,21007
Southeast,21009
Southeast,21011
Southeast,21013
Southeast,21015
Southeast,21017
Southeast,21019
Southeast,21021
Southeast,21023
Southeast,21025
Southeast,21027
Southeast,21029
Southeast,21031
Southeast,21033
Southeast,21035
Southeast,21037
Southeast,21039
Southeast,21041
Southeast,21043
Southeast,21045
Southeast,21047
Southeast,21049
Southeast,21051
Southeast,21053
Southeast,21055
Southeast,21057
Southeast,21059
Southeast,21061
Southeast,21063
Southeast,21065
Southeast,21067
Southeast,21069
Southeast,21071
Southeast,21073
Southeast,21075
Southeast,21077
Southeast,21079
Southeast,21081
Southeast,21083
Southeast,21085
Southeast,21087
Southeast,21089
Southeast,21091
Southeast,21093
Southeast,21095
Southeast,21097
Southeast,21099
Southeast,21101
Southeast,21103
Southeast,21105
Southeast,21107
Southeast,21109
Southeast,21111
Southeast,21113
Southeast,21115
Southeast,21117
Southeast,21119
Southeast,21121
Southeast,21123
Southeast,21125
Southeast,21127
Southeast,21129
Southeast,21131
Southeast,21133
Southeast,21135
Southeast,21137
Southeast,21139
Southeast,21141
Southeast,21143
Southeast,21145
Southeast,21147
Southeast,21149
Southeast,21151
Southeast,21153
Southeast,21155
Southeast,21157
Southeast,21159
Southeast,21161
Southeast,21163
Southeast,21165
Southeast,21167
Southeast,21169
Southeast,21171
Southeast,21173
Southeast,21175
Southeast,21177
Southeast,21179
Southeast,21181
Southeast,21183
Southeast,21185
Southeast,21187
Southeast,21189
Southeast,21191
Southeast,21193
Southeast,21195
Southeast,21197
Southeast,21199
Southeast,21201
Southeast,21203
Southeast,21205
Southeast,21207
Southeast,21209
Southeast,21211
Southeast,21213
Southeast,21215
Southeast,21217
Southeast,21219
Southeast,21221
Southeast,21223
Southeast,21225
Southeast,21227
Southeast,21229
Southeast,21231
Southeast,21233
Southeast,21235
Southeast,21237
Southeast,21239
Southeast,22001
Southeast,22003
Southeast,22005
Southeast,22007
Southeast,22009
Southeast,22011
Southeast,22013
Southeast,22015
Southeast,22017
Southeast,22019
Southeast,22021
Southeast,22023
Southeast,22025
Southeast,22027
Southeast,22029
Southeast,22031
Southeast,22033
Southeast,22035
Southeast,22037
Southeast,22039
Southeast,22041
Southeast,22043
Southeast,22045
Southeast,22047
Southeast,22049
Southeast,22051
Southeast,22053
Southeast,22055
Southeast,22057
Southeast,22059
Southeast,22061
Southeast,22063
Southeast,22065
Southeast,22067
Southeast,22069
Southeast,22071
Southeast,22073
Southeast,22075
Southeast,22077
Southeast,22079
Southeast,22081
Southeast,22083
Southeast,22085
Southeast,22087
Southeast,22089
Southeast,22091
Southeast,22093
Southeast,22095
Southeast,22097
Southeast,22099
Southeast,22101
Southeast,22103
Southeast,22105
Southeast,22107
Southeast,22109
Southeast,22111
Southeast,22113
Southeast,22115
Southeast,22117
Southeast,22119
Southeast,22121
Southeast,22123
Southeast,22125
Southeast,22127
Southeast,28001
Southeast,28003
Southeast,28005
Southeast,28007
Southeast,28009
Southeast,28011
Southeast,28013
Southeast,28015
Southeast,28017
Southeast,28019
Southeast,28021
Southeast,28023
Southeast,28025
Southeast,28027
Southeast,28029
Southeast,28031
Southeast,28033
Southeast,28035
Southeast,28037
Southeast,28039
Southeast,28041
Southeast,28043
Southeast,28045
Southeast,28047
Southeast,28049
Southeast,28051
Southeast,28053
Southeast,28055
Southeast,28057
Southeast,28059
Southeast,28061
Southeast,28063
Southeast,28065
Southeast,28067
Southeast,28069
Southeast,28071
Southeast,28073
Southeast,28075
Southeast,28077
Southeast,28079
Southeast,28081
Southeast,28083
Southeast,28085
Southeast,28087
Southeast,28089
Southeast,28091
Southeast,28093
Southeast,28095
Southeast,28097
Southeast,28099
Southeast,28101
Southeast,28103
Southeast,28105
Southeast,28107
Southeast,28109
Southeast,28111
Southeast,28113
Southeast,28115
Southeast,28117
Southeast,28119
Southeast,28121
Southeast,28123
Southeast,28125
Southeast,28127
Southeast,28129
Southeast,28131
Southeast,28133
Southeast,28135
Southeast,28137
Southeast,28139
Southeast,28141
Southeast,28143
Southeast,28145
Southeast,28147
Southeast,28149
Southeast,28151
Southeast,28153
Southeast,28155
Southeast,28157
Southeast,28159
Southeast,28161
Southeast,28163
Southeast,37001
Southeast,37003
Southeast,37005
Southeast,37007
Southeast,37009
Southeast,37011
Southeast,37013
Southeast,37015
Southeast,37017
Southeast,37019
Southeast,37021
Southeast,37023
Southeast,37025
Southeast,37027
Southeast,37029
Southeast,37031
Southeast,37033
Southeast,37035
Southeast,37037
Southeast,37039
Southeast,37041
Southeast,37043
Southeast,37045
Southeast,37047
Southeast,37049
Southeast,37051
Southeast,37053
Southeast,37055
Southeast,37057
Southeast,37059
Southeast,37061
Southeast,37063
Southeast,37065
Southeast,37067
Southeast,37069
Southeast,37071
Southeast,37073
Southeast,37075
Southeast,37077
Southeast,37079
Southeast,37081
Southeast,37083
Southeast,37085
Southeast,37087
Southeast,37089
Southeast,37091
Southeast,37093
Southeast,37095
Southeast,37097
Southeast,37099
Southeast,37101
Southeast,37103
Southeast,37105
Southeast,37107
Southeast,37109
Southeast,37111
Southeast,37113
Southeast,37115
Southeast,37117
Southeast,37119
Southeast,37121
Southeast,37123
Southeast,37125
Southeast,37127
Southeast,37129
Southeast,37131
Southeast,37133
Southeast,37135
Southeast,37137
Southeast,37139
Southeast,37141
Southeast,37143
Southeast,37145
Southeast,37147
Southeast,37149
Southeast,37151
Southeast,37153
Southeast,37155
Southeast,37157
Southeast,37159
Southeast,37161
Southeast,37163
Southeast,37165
Southeast,37167
Southeast,37169
Southeast,37171
Southeast,37173
Southeast,37175
Southeast,37177
Southeast,37179
Southeast,37181
Southeast,37183
Southeast,37185
Southeast,37187
Southeast,37189
Southeast,37191
Southeast,37193
Southeast,37195
Southeast,37197
Southeast,37199
Southeast,45001
Southeast,45003
Southeast,45005
Southeast,45007
Southeast,45009
Southeast,45011
Southeast,45013
Southeast,45015
Southeast,45017
Southeast,45019
Southeast,45021
Southeast,45023
Southeast,45025
Southeast,45027
Southeast,45029
Southeast,45031
Southeast,45033
Southeast,45035
Southeast,45037
Southeast,45039
Southeast,45041
Southeast,45043
Southeast,45045
Southeast,45047
Southeast,45049
Southeast,45051
Southeast,45053
Southeast,45055
Southeast,45057
Southeast,45059
Southeast,45061
Southeast,45063
Southeast,45065
Southeast,45067
Southeast,45069
Southeast,45071
Southeast,45073
Southeast,45075
Southeast,45077
Southeast,45079
Southeast,45081
Southeast,45083
Southeast,45085
Southeast,45087
Southeast,45089
Southeast,45091
Southeast,47001
Southeast,47003
Southeast,47005
Southeast,47007
Southeast,47009
Southeast,47011
Southeast,47013
Southeast,47015
Southeast,47017
Southeast,47019
Southeast,47021
Southeast,47023
Southeast,47025
Southeast,47027
Southeast,47029
Southeast,47031
Southeast,47033
Southeast,47035
Southeast,47037
Southeast,47039
Southeast,47041
Southeast,47043
Southeast,47045
Southeast,47047
Southeast,47049
Southeast,47051
Southeast,47053
Southeast,47055
Southeast,47057
Southeast,47059
Southeast,47061
Southeast,47063
Southeast,47065
Southeast,47067
Southeast,47069
Southeast,47071
Southeast,47073
Southeast,47075
Southeast,47077
Southeast,47079
Southeast,47081
Southeast,47083
Southeast,47085
Southeast,47087
Southeast,47089
Southeast,47091
Southeast,47093
Southeast,47095
Southeast,47097
Southeast,47099
Southeast,47101
Southeast,47103
Southeast,47105
Southeast,47107
Southeast,47109
Southeast,47111
Southeast,47113
Southeast,47115
Southeast,47117
Southeast,47119
Southeast,47121
Southeast,47123
Southeast,47125
Southeast,47127
Southeast,47129
Southeast,47131
Southeast,47133
Southeast,47135
Southeast,47137
Southeast,47139
Southeast,47141
Southeast,47143
Southeast,47145
Southeast,47147
Southeast,47149
Southeast,47151
Southeast,47153
Southeast,47155
Southeast,47157
Southeast,47159
Southeast,47161
Southeast,47163
Southeast,47165
Southeast,47167
Southeast,47169
Southeast,47171
Southeast,47173
Southeast,47175
Southeast,47177
Southeast,47179
Southeast,47181
Southeast,47183
Southeast,47185
Southeast,47187
Southeast,47189
Southeast,48001
Southeast,48003
Southeast,48005
Southeast,48007
Southeast,48009
Southeast,48011
Southeast,48013
Southeast,48015
Southeast,48017
Southeast,48019
Southeast,48021
Southeast,48023
Southeast,48025
Southeast,48027
Southeast,48029
Southeast,48031
Southeast,48033
Southeast,48035
Southeast,48037
Southeast,48039
Southeast,48041
Southeast,48043
Southeast,48045
Southeast,48047
Southeast,48049
Southeast,48051
Southeast,48053
Southeast,48055
Southeast,48057
Southeast,48059
Southeast,48061
Southeast,48063
Southeast,48065
Southeast,48067
Southeast,48069
Southeast,48071
Southeast,48073
Southeast,48075
Southeast,48077
Southeast,48079
Southeast,48081
Southeast,48083
Southeast,48085
Southeast,48087
Southeast,48089
Southeast,48091
Southeast,48093
Southeast,48095
Southeast,48097
Southeast,48099
Southeast,48101
Southeast,48103
Southeast,48105
Southeast,48107
Southeast,48109
Southeast,48111
Southeast,48113
Southeast,48115
Southeast,48117
Southeast,48119
Southeast,48121
Southeast,48123
Southeast,48125
Southeast,48127
Southeast,48129
Southeast,48131
Southeast,48133
Southeast,48135
Southeast,48137
Southeast,48139
Southeast,48141
Southeast,48143
Southeast,48145
Southeast,48147
Southeast,48149
Southeast,48151
Southeast,48153
Southeast,48155
Southeast,48157
Southeast,48159
Southeast,48161
Southeast,48163
Southeast,48165
Southeast,48167
Southeast,48169
Southeast,48171
Southeast,48173
Southeast,48175
Southeast,48177
Southeast,48179
Southeast,48181
Southeast,48183
Southeast,48185
Southeast,48187
Southeast,48189
Southeast,48191
Southeast,48193
Southeast,48195
Southeast,48197
Southeast,48199
Southeast,48201
Southeast,48203
Southeast,48205
Southeast,48207
Southeast,48209
Southeast,48211
Southeast,48213
Southeast,48215
Southeast,48217
Southeast,48219
Southeast,48221
Southeast,48223
Southeast,48225
Southeast,48227
Southeast,48229
Southeast,48231
Southeast,48233
Southeast,48235
Southeast,48237
Southeast,48239
Southeast,48241
Southeast,48243
Southeast,48245
Southeast,48247
Southeast,48249
Southeast,48251
Southeast,48253
Southeast,48255
Southeast,48257
Southeast,48259
Southeast,48261
Southeast,48263
Southeast,48265
Southeast,48267
Southeast,48269
Southeast,48271
Southeast,48273
Southeast,48275
Southeast,48277
Southeast,48279
Southeast,48281
Southeast,48283
Southeast,48285
Southeast,48287
Southeast,48289
Southeast,48291
Southeast,48293
Southeast,48295
Southeast,48297
Southeast,48299
Southeast,48301
Southeast,48303
Southeast,48305
Southeast,48307
Southeast,48309
Southeast,48311
Southeast,48313
Southeast,48315
Southeast,48317
Southeast,48319
Southeast,48321
Southeast,48323
Southeast,48325
Southeast,48327
Southeast,48329
Southeast,48331
Southeast,48333
Southeast,48335
Southeast,48337
Southeast,48339
Southeast,48341
Southeast,48343
Southeast,48345
Southeast,48347
Southeast,48349
Southeast,48351
Southeast,48353
Southeast,48355
Southeast,48357
Southeast,48359
Southeast,48361
Southeast,48363
Southeast,48365
Southeast,48367
Southeast,48369
Southeast,48371
Southeast,48373
Southeast,48375
Southeast,48377
Southeast,48379
Southeast,48381
Southeast,48383
Southeast,48385
Southeast,48387
Southeast,48389
Southeast,48391
Southeast,48393
Southeast,48395
Southeast,48397
Southeast,48399
Southeast,48401
Southeast,48403
Southeast,48405
Southeast,48407
Southeast,48409
Southeast,48411
Southeast,48413
Southeast,48415
Southeast,48417
Southeast,48419
Southeast,48421
Southeast,48423
Southeast,48425
Southeast,48427
Southeast,48429
Southeast,48431
Southeast,48433
Southeast,48435
Southeast,48437
Southeast,48439
Southeast,48441
Southeast,48443
Southeast,48445
Southeast,48447
Southeast,48449
Southeast,48451
Southeast,48453
Southeast,48455
Southeast,48457
Southeast,48459
Southeast,48461
Southeast,48463
Southeast,48465
Southeast,48467
Southeast,48469
Southeast,48471
Southeast,48473
Southeast,48475
Southeast,48477
Southeast,48479
Southeast,48481
Southeast,48483
Southeast,48485
Southeast,48487
Southeast,48489
Southeast,48491
Southeast,48493
Southeast,48495
Southeast,48497
Southeast,48499
Southeast,48501
Southeast,48503
Southeast,48505
Southeast,48507
Southeast,51001
Southeast,51003
Southeast,51005
Southeast,51007
Southeast,51009
Southeast,51011
Southeast,51013
Southeast,51015
Southeast,51017
Southeast,51019
Southeast,51021
Southeast,51023
Southeast,51025
Southeast,51027
Southeast,51029
Southeast,51031
Southeast,51033
Southeast,51035
Southeast,51036
Southeast,51037
Southeast,51041
Southeast,51043
Southeast,51045
Southeast,51047
Southeast,51049
Southeast,51051
Southeast,51053
Southeast,51057
Southeast,51059
Southeast,51061
Southeast,51063
Southeast,51065
Southeast,51067
Southeast,51069
Southeast,51071
Southeast,51073
Southeast,51075
Southeast,51077
Southeast,51079
Southeast,51081
Southeast,51083
Southeast,51085
Southeast,51087
Southeast,51089
Southeast,51091
Southeast,51093
Southeast,51095
Southeast,51097
Southeast,51099
Southeast,51101
Southeast,51103
Southeast,51105
Southeast,51107
Southeast,51109
Southeast,51111
Southeast,51113
Southeast,51115
Southeast,51117
Southeast,51119
Southeast,51121
Southeast,51125
Southeast,51127
Southeast,51131
Southeast,51133
Southeast,51135
Southeast,51137
Southeast,51139
Southeast,51141
Southeast,51143
Southeast,51145
Southeast,51147
Southeast,51149
Southeast,51153
Southeast,51155
Southeast,51157
Southeast,51159
Southeast,51161
Southeast,51163
Southeast,51165
Southeast,51167
Southeast,51169
Southeast,51171
Southeast,51173
Southeast,51175
Southeast,51177
Southeast,51179
Southeast,51181
Southeast,51183
Southeast,51185
Southeast,51187
Southeast,51191
Southeast,51193
Southeast,51195
Southeast,51197
Southeast,51199
Southeast,51510
Southeast,51520
Southeast,51530
Southeast,51540
Southeast,51550
Southeast,51570
Southeast,51580
Southeast,51590
Southeast,51595
Southeast,51600
Southeast,51610
Southeast,51620
Southeast,51630
Southeast,51640
Southeast,51650
Southeast,51660
Southeast,51670
Southeast,51678
Southeast,51680
Southeast,51683
Southeast,51685
Southeast,51690
Southeast,51700
Southeast,51710
Southeast,51720
Southeast,51730
Southeast,51735
Southeast,51740
Southeast,51750
Southeast,51760
Southeast,51770
Southeast,51775
Southeast,51790
Southeast,51800
Southeast,51810
Southeast,51820
Southeast,51830
Southeast,51840
Southeast,54001
Southeast,54003
Southeast,54005
Southeast,54007
Southeast,54009
Southeast,54011
Southeast,54013
Southeast,54015
Southeast,54017
Southeast,54019
Southeast,54021
Southeast,54023
Southeast,54025
Southeast,54027
Southeast,54029
Southeast,54031
Southeast,54033
Southeast,54035
Southeast,54037
Southeast,54039
Southeast,54041
Southeast,54043
Southeast,54045
Southeast,54047
Southeast,54049
Southeast,54051
Southeast,54053
Southeast,54055
Southeast,54057
Southeast,54059
Southeast,54061
Southeast,54063
Southeast,54065
Southeast,54067
Southeast,54069
Southeast,54071
Southeast,54073
Southeast,54075
Southeast,54077
Southeast,54079
Southeast,54081
Southeast,54083
Southeast,54085
Southeast,54087
Southeast,54089
Southeast,54091
Southeast,54093
Southeast,54095
Southeast,54097
Southeast,54099
Southeast,54101
Southeast,54103
Southeast,54105
Southeast,54107
Southeast,54109
Southeast Total,
Southwest,4001
Southwest,4003
Southwest,4005
Southwest,4007
Southwest,4009
Southwest,4011
Southwest,4012
Southwest,4013
Southwest,4015
Southwest,4017
Southwest,4019
Southwest,4021
Southwest,4023
Southwest,4025
Southwest,4027
Southwest,32001
Southwest,32003
Southwest,32005
Southwest,32007
Southwest,32009
Southwest,32011
Southwest,32013
Southwest,32015
Southwest,32017
Southwest,32019
Southwest,32021
Southwest,32023
Southwest,32027
Southwest,32029
Southwest,32031
Southwest,32033
Southwest,32510
Southwest,35001
Southwest,35003
Southwest,35005
Southwest,35006
Southwest,35007
Southwest,35009
Southwest,35011
Southwest,35013
Southwest,35015
Southwest,35017
Southwest,35019
Southwest,35021
Southwest,35023
Southwest,35025
Southwest,35027
Southwest,35028
Southwest,35029
Southwest,35031
Southwest,35033
Southwest,35035
Southwest,35037
Southwest,35039
Southwest,35041
Southwest,35043
Southwest,35045
Southwest,35047
Southwest,35049
Southwest,35051
Southwest,35053
Southwest,35055
Southwest,35057
Southwest,35059
Southwest,35061
Southwest Total,
Upper Midwest,17001
Upper Midwest,17003
Upper Midwest,17005
Upper Midwest,17007
Upper Midwest,17009
Upper Midwest,17011
Upper Midwest,17013
Upper Midwest,17015
Upper Midwest,17017
Upper Midwest,17019
Upper Midwest,17021
Upper Midwest,17023
Upper Midwest,17025
Upper Midwest,17027
Upper Midwest,17029
Upper Midwest,17031
Upper Midwest,17033
Upper Midwest,17035
Upper Midwest,17037
Upper Midwest,17039
Upper Midwest,17041
Upper Midwest,17043
Upper Midwest,17045
Upper Midwest,17047
Upper Midwest,17049
Upper Midwest,17051
Upper Midwest,17053
Upper Midwest,17055
Upper Midwest,17057
Upper Midwest,17059
Upper Midwest,17061
Upper Midwest,17063
Upper Midwest,17065
Upper Midwest,17067
Upper Midwest,17069
Upper Midwest,17071
Upper Midwest,17073
Upper Midwest,17075
Upper Midwest,17077
Upper Midwest,17079
Upper Midwest,17081
Upper Midwest,17083
Upper Midwest,17085
Upper Midwest,17087
Upper Midwest,17089
Upper Midwest,17091
Upper Midwest,17093
Upper Midwest,17095
Upper Midwest,17097
Upper Midwest,17099
Upper Midwest,17101
Upper Midwest,17103
Upper Midwest,17105
Upper Midwest,17107
Upper Midwest,17109
Upper Midwest,17111
Upper Midwest,17113
Upper Midwest,17115
Upper Midwest,17117
Upper Midwest,17119
Upper Midwest,17121
Upper Midwest,17123
Upper Midwest,17125
Upper Midwest,17127
Upper Midwest,17129
Upper Midwest,17131
Upper Midwest,17133
Upper Midwest,17135
Upper Midwest,17137
Upper Midwest,17139
Upper Midwest,17141
Upper Midwest,17143
Upper Midwest,17145
Upper Midwest,17147
Upper Midwest,17149
Upper Midwest,17151
Upper Midwest,17153
Upper Midwest,17155
Upper Midwest,17157
Upper Midwest,17159
Upper Midwest,17161
Upper Midwest,17163
Upper Midwest,17165
Upper Midwest,17167
Upper Midwest,17169
Upper Midwest,17171
Upper Midwest,17173
Upper Midwest,17175
Upper Midwest,17177
Upper Midwest,17179
Upper Midwest,17181
Upper Midwest,17183
Upper Midwest,17185
Upper Midwest,17187
Upper Midwest,17189
Upper Midwest,17191
Upper Midwest,17193
Upper Midwest,17195
Upper Midwest,17197
Upper Midwest,17199
Upper Midwest,17201
Upper Midwest,17203
Upper Midwest,18001
Upper Midwest,18003
Upper Midwest,18005
Upper Midwest,18007
Upper Midwest,18009
Upper Midwest,18011
Upper Midwest,18013
Upper Midwest,18015
Upper Midwest,18017
Upper Midwest,18019
Upper Midwest,18021
Upper Midwest,18023
Upper Midwest,18025
Upper Midwest,18027
Upper Midwest,18029
Upper Midwest,18031
Upper Midwest,18033
Upper Midwest,18035
Upper Midwest,18037
Upper Midwest,18039
Upper Midwest,18041
Upper Midwest,18043
Upper Midwest,18045
Upper Midwest,18047
Upper Midwest,18049
Upper Midwest,18051
Upper Midwest,18053
Upper Midwest,18055
Upper Midwest,18057
Upper Midwest,18059
Upper Midwest,18061
Upper Midwest,18063
Upper Midwest,18065
Upper Midwest,18067
Upper Midwest,18069
Upper Midwest,18071
Upper Midwest,18073
Upper Midwest,18075
Upper Midwest,18077
Upper Midwest,18079
Upper Midwest,18081
Upper Midwest,18083
Upper Midwest,18085
Upper Midwest,18087
Upper Midwest,18089
Upper Midwest,18091
Upper Midwest,18093
Upper Midwest,18095
Upper Midwest,18097
Upper Midwest,18099
Upper Midwest,18101
Upper Midwest,18103
Upper Midwest,18105
Upper Midwest,18107
Upper Midwest,18109
Upper Midwest,18111
Upper Midwest,18113
Upper Midwest,18115
Upper Midwest,18117
Upper Midwest,18119
Upper Midwest,18121
Upper Midwest,18123
Upper Midwest,18125
Upper Midwest,18127
Upper Midwest,18129
Upper Midwest,18131
Upper Midwest,18133
Upper Midwest,18135
Upper Midwest,18137
Upper Midwest,18139
Upper Midwest,18141
Upper Midwest,18143
Upper Midwest,18145
Upper Midwest,18147
Upper Midwest,18149
Upper Midwest,18151
Upper Midwest,18153
Upper Midwest,18155
Upper Midwest,18157
Upper Midwest,18159
Upper Midwest,18161
Upper Midwest,18163
Upper Midwest,18165
Upper Midwest,18167
Upper Midwest,18169
Upper Midwest,18171
Upper Midwest,18173
Upper Midwest,18175
Upper Midwest,18177
Upper Midwest,18179
Upper Midwest,18181
Upper Midwest,18183
Upper Midwest,26001
Upper Midwest,26003
Upper Midwest,26005
Upper Midwest,26007
Upper Midwest,26009
Upper Midwest,26011
Upper Midwest,26013
Upper Midwest,26015
Upper Midwest,26017
Upper Midwest,26019
Upper Midwest,26021
Upper Midwest,26023
Upper Midwest,26025
Upper Midwest,26027
Upper Midwest,26029
Upper Midwest,26031
Upper Midwest,26033
Upper Midwest,26035
Upper Midwest,26037
Upper Midwest,26039
Upper Midwest,26041
Upper Midwest,26043
Upper Midwest,26045
Upper Midwest,26047
Upper Midwest,26049
Upper Midwest,26051
Upper Midwest,26053
Upper Midwest,26055
Upper Midwest,26057
Upper Midwest,26059
Upper Midwest,26061
Upper Midwest,26063
Upper Midwest,26065
Upper Midwest,26067
Upper Midwest,26069
Upper Midwest,26071
Upper Midwest,26073
Upper Midwest,26075
Upper Midwest,26077
Upper Midwest,26079
Upper Midwest,26081
Upper Midwest,26083
Upper Midwest,26085
Upper Midwest,26087
Upper Midwest,26089
Upper Midwest,26091
Upper Midwest,26093
Upper Midwest,26095
Upper Midwest,26097
Upper Midwest,26099
Upper Midwest,26101
Upper Midwest,26103
Upper Midwest,26105
Upper Midwest,26107
Upper Midwest,26109
Upper Midwest,26111
Upper Midwest,26113
Upper Midwest,26115
Upper Midwest,26117
Upper Midwest,26119
Upper Midwest,26121
Upper Midwest,26123
Upper Midwest,26125
Upper Midwest,26127
Upper Midwest,26129
Upper Midwest,26131
Upper Midwest,26133
Upper Midwest,26135
Upper Midwest,26137
Upper Midwest,26139
Upper Midwest,26141
Upper Midwest,26143
Upper Midwest,26145
Upper Midwest,26147
Upper Midwest,26149
Upper Midwest,26151
Upper Midwest,26153
Upper Midwest,26155
Upper Midwest,26157
Upper Midwest,26159
Upper Midwest,26161
Upper Midwest,26163
Upper Midwest,26165
Upper Midwest,27001
Upper Midwest,27003
Upper Midwest,27005
Upper Midwest,27007
Upper Midwest,27009
Upper Midwest,27011
Upper Midwest,27013
Upper Midwest,27015
Upper Midwest,27017
Upper Midwest,27019
Upper Midwest,27021
Upper Midwest,27023
Upper Midwest,27025
Upper Midwest,27027
Upper Midwest,27029
Upper Midwest,27031
Upper Midwest,27033
Upper Midwest,27035
Upper Midwest,27037
Upper Midwest,27039
Upper Midwest,27041
Upper Midwest,27043
Upper Midwest,27045
Upper Midwest,27047
Upper Midwest,27049
Upper Midwest,27051
Upper Midwest,27053
Upper Midwest,27055
Upper Midwest,27057
Upper Midwest,27059
Upper Midwest,27061
Upper Midwest,27063
Upper Midwest,27065
Upper Midwest,27067
Upper Midwest,27069
Upper Midwest,27071
Upper Midwest,27073
Upper Midwest,27075
Upper Midwest,27077
Upper Midwest,27079
Upper Midwest,27081
Upper Midwest,27083
Upper Midwest,27085
Upper Midwest,27087
Upper Midwest,27089
Upper Midwest,27091
Upper Midwest,27093
Upper Midwest,27095
Upper Midwest,27097
Upper Midwest,27099
Upper Midwest,27101
Upper Midwest,27103
Upper Midwest,27105
Upper Midwest,27107
Upper Midwest,27109
Upper Midwest,27111
Upper Midwest,27113
Upper Midwest,27115
Upper Midwest,27117
Upper Midwest,27119
Upper Midwest,27121
Upper Midwest,27123
Upper Midwest,27125
Upper Midwest,27127
Upper Midwest,27129
Upper Midwest,27131
Upper Midwest,27133
Upper Midwest,27135
Upper Midwest,27137
Upper Midwest,27139
Upper Midwest,27141
Upper Midwest,27143
Upper Midwest,27145
Upper Midwest,27147
Upper Midwest,27149
Upper Midwest,27151
Upper Midwest,27153
Upper Midwest,27155
Upper Midwest,27157
Upper Midwest,27159
Upper Midwest,27161
Upper Midwest,27163
Upper Midwest,27165
Upper Midwest,27167
Upper Midwest,27169
Upper Midwest,27171
Upper Midwest,27173
Upper Midwest,38001
Upper Midwest,38003
Upper Midwest,38005
Upper Midwest,38007
Upper Midwest,38009
Upper Midwest,38011
Upper Midwest,38013
Upper Midwest,38015
Upper Midwest,38017
Upper Midwest,38019
Upper Midwest,38021
Upper Midwest,38023
Upper Midwest,38025
Upper Midwest,38027
Upper Midwest,38029
Upper Midwest,38031
Upper Midwest,38033
Upper Midwest,38035
Upper Midwest,38037
Upper Midwest,38039
Upper Midwest,38041
Upper Midwest,38043
Upper Midwest,38045
Upper Midwest,38047
Upper Midwest,38049
Upper Midwest,38051
Upper Midwest,38053
Upper Midwest,38055
Upper Midwest,38057
Upper Midwest,38059
Upper Midwest,38061
Upper Midwest,38063
Upper Midwest,38065
Upper Midwest,38067
Upper Midwest,38069
Upper Midwest,38071
Upper Midwest,38073
Upper Midwest,38075
Upper Midwest,38077
Upper Midwest,38079
Upper Midwest,38081
Upper Midwest,38083
Upper Midwest,38085
Upper Midwest,38087
Upper Midwest,38089
Upper Midwest,38091
Upper Midwest,38093
Upper Midwest,38095
Upper Midwest,38097
Upper Midwest,38099
Upper Midwest,38101
Upper Midwest,38103
Upper Midwest,38105
Upper Midwest,39001
Upper Midwest,39003
Upper Midwest,39005
Upper Midwest,39007
Upper Midwest,39009
Upper Midwest,39011
Upper Midwest,39013
Upper Midwest,39015
Upper Midwest,39017
Upper Midwest,39019
Upper Midwest,39021
Upper Midwest,39023
Upper Midwest,39025
Upper Midwest,39027
Upper Midwest,39029
Upper Midwest,39031
Upper Midwest,39033
Upper Midwest,39035
Upper Midwest,39037
Upper Midwest,39039
Upper Midwest,39041
Upper Midwest,39043
Upper Midwest,39045
Upper Midwest,39047
Upper Midwest,39049
Upper Midwest,39051
Upper Midwest,39053
Upper Midwest,39055
Upper Midwest,39057
Upper Midwest,39059
Upper Midwest,39061
Upper Midwest,39063
Upper Midwest,39065
Upper Midwest,39067
Upper Midwest,39069
Upper Midwest,39071
Upper Midwest,39073
Upper Midwest,39075
Upper Midwest,39077
Upper Midwest,39079
Upper Midwest,39081
Upper Midwest,39083
Upper Midwest,39085
Upper Midwest,39087
Upper Midwest,39089
Upper Midwest,39091
Upper Midwest,39093
Upper Midwest,39095
Upper Midwest,39097
Upper Midwest,39099
Upper Midwest,39101
Upper Midwest,39103
Upper Midwest,39105
Upper Midwest,39107
Upper Midwest,39109
Upper Midwest,39111
Upper Midwest,39113
Upper Midwest,39115
Upper Midwest,39117
Upper Midwest,39119
Upper Midwest,39121
Upper Midwest,39123
Upper Midwest,39125
Upper Midwest,39127
Upper Midwest,39129
Upper Midwest,39131
Upper Midwest,39133
Upper Midwest,39135
Upper Midwest,39137
Upper Midwest,39139
Upper Midwest,39141
Upper Midwest,39143
Upper Midwest,39145
Upper Midwest,39147
Upper Midwest,39149
Upper Midwest,39151
Upper Midwest,39153
Upper Midwest,39155
Upper Midwest,39157
Upper Midwest,39159
Upper Midwest,39161
Upper Midwest,39163
Upper Midwest,39165
Upper Midwest,39167
Upper Midwest,39169
Upper Midwest,39171
Upper Midwest,39173
Upper Midwest,39175
Upper Midwest,46003
Upper Midwest,46005
Upper Midwest,46007
Upper Midwest,46009
Upper Midwest,46011
Upper Midwest,46013
Upper Midwest,46015
Upper Midwest,46017
Upper Midwest,46019
Upper Midwest,46021
Upper Midwest,46023
Upper Midwest,46025
Upper Midwest,46027
Upper Midwest,46029
Upper Midwest,46031
Upper Midwest,46033
Upper Midwest,46035
Upper Midwest,46037
Upper Midwest,46039
Upper Midwest,46041
Upper Midwest,46043
Upper Midwest,46045
Upper Midwest,46047
Upper Midwest,46049
Upper Midwest,46051
Upper Midwest,46053
Upper Midwest,46055
Upper Midwest,46057
Upper Midwest,46059
Upper Midwest,46061
Upper Midwest,46063
Upper Midwest,46065
Upper Midwest,46067
Upper Midwest,46069
Upper Midwest,46071
Upper Midwest,46073
Upper Midwest,46075
Upper Midwest,46077
Upper Midwest,46079
Upper Midwest,46081
Upper Midwest,46083
Upper Midwest,46085
Upper Midwest,46087
Upper Midwest,46089
Upper Midwest,46091
Upper Midwest,46093
Upper Midwest,46095
Upper Midwest,46097
Upper Midwest,46099
Upper Midwest,46101
Upper Midwest,46102
Upper Midwest,46103
Upper Midwest,46105
Upper Midwest,46107
Upper Midwest,46109
Upper Midwest,46111
Upper Midwest,46115
Upper Midwest,46117
Upper Midwest,46119
Upper Midwest,46121
Upper Midwest,46123
Upper Midwest,46125
Upper Midwest,46127
Upper Midwest,46129
Upper Midwest,46135
Upper Midwest,46137
Upper Midwest,55001
Upper Midwest,55003
Upper Midwest,55005
Upper Midwest,55007
Upper Midwest,55009
Upper Midwest,55011
Upper Midwest,55013
Upper Midwest,55015
Upper Midwest,55017
Upper Midwest,55019
Upper Midwest,55021
Upper Midwest,55023
Upper Midwest,55025
Upper Midwest,55027
Upper Midwest,55029
Upper Midwest,55031
Upper Midwest,55033
Upper Midwest,55035
Upper Midwest,55037
Upper Midwest,55039
Upper Midwest,55041
Upper Midwest,55043
Upper Midwest,55045
Upper Midwest,55047
Upper Midwest,55049
Upper Midwest,55051
Upper Midwest,55053
Upper Midwest,55055
Upper Midwest,55057
Upper Midwest,55059
Upper Midwest,55061
Upper Midwest,55063
Upper Midwest,55065
Upper Midwest,55067
Upper Midwest,55069
Upper Midwest,55071
Upper Midwest,55073
Upper Midwest,55075
Upper Midwest,55077
Upper Midwest,55078
Upper Midwest,55079
Upper Midwest,55081
Upper Midwest,55083
Upper Midwest,55085
Upper Midwest,55087
Upper Midwest,55089
Upper Midwest,55091
Upper Midwest,55093
Upper Midwest,55095
Upper Midwest,55097
Upper Midwest,55099
Upper Midwest,55101
Upper Midwest,55103
Upper Midwest,55105
Upper Midwest,55107
Upper Midwest,55109
Upper Midwest,55111
Upper Midwest,55113
Upper Midwest,55115
Upper Midwest,55117
Upper Midwest,55119
Upper Midwest,55121
Upper Midwest,55123
Upper Midwest,55125
Upper Midwest,55127
Upper Midwest,55129
Upper Midwest,55131
Upper Midwest,55133
Upper Midwest,55135
Upper Midwest,55137
Upper Midwest,55139
Upper Midwest,55141
